{
  "num_requests": 200,
  "total_duration": 230.09017062187195,
  "time_to_first_token": {
    "min": 0.017988327890634537,
    "p50": 0.4511876851320267,
    "p90": 2.2983162224292757,
    "p95": 2.5701555680483574,
    "p99": 3.13616342324763,
    "max": 3.995147828012705,
    "mean": 0.7819063585065306,
    "std": 0.8804484118365739
  },
  "prefill_latency": {
    "min": 0.017433129251003265,
    "p50": 0.44885378517210484,
    "p90": 1.894553944095969,
    "p95": 2.4911161223426452,
    "p99": 2.6185301765799522,
    "max": 2.9653571620583534,
    "mean": 0.7183369966782629,
    "std": 0.7818748845187573
  },
  "decode_latency": {
    "min": 2.3215796910226345,
    "p50": 36.32036188803613,
    "p90": 93.71692317202684,
    "p95": 106.34240346048027,
    "p99": 115.57014498479664,
    "max": 120.37516310065985,
    "mean": 45.00432505199686,
    "std": 33.2433397175278
  },
  "inter_token_latency": {
    "min": 0.017196886600167664,
    "p50": 0.14609207772520194,
    "p90": 0.29753919345362534,
    "p95": 0.3312590646094676,
    "p99": 0.42240224190271525,
    "max": 0.5820320294742737,
    "mean": 0.15653738788873164,
    "std": 0.10983965784509526
  },
  "total_latency": {
    "min": 2.3523969650268555,
    "p50": 36.73317742347717,
    "p90": 94.87220294475551,
    "p95": 106.94637421369552,
    "p99": 116.40350311994553,
    "max": 121.44964718818665,
    "mean": 45.78623141050339,
    "std": 33.56333115245614
  },
  "total_input_tokens": 512194,
  "total_output_tokens": 60312,
  "total_tokens": 572506,
  "throughput_tokens_per_sec": 2488.1810398621983,
  "throughput_requests_per_sec": 0.8692244412677591,
  "initial_server_metrics": {
    "sglang:num_used_tokens": 0.0,
    "sglang:token_usage": 0.0,
    "sglang:pending_prealloc_token_usage": 0.0,
    "sglang:swa_token_usage": 0.0,
    "sglang:gen_throughput": 0.0,
    "sglang:cache_hit_rate": 0.0,
    "sglang:max_total_num_tokens": 415466.0
  },
  "final_server_metrics": {
    "sglang:num_used_tokens": 6224.0,
    "sglang:token_usage": 0.01,
    "sglang:pending_prealloc_token_usage": 0.0,
    "sglang:swa_token_usage": 0.0,
    "sglang:gen_throughput": 0.0,
    "sglang:cache_hit_rate": 0.0,
    "sglang:max_total_num_tokens": 415466.0
  },
  "peak_kv_cache_tokens": 415466.0,
  "used_kv_cache_tokens": 6224.0
}