{
  "num_requests": 200,
  "total_duration": 440.3595652580261,
  "time_to_first_token": {
    "min": 0.017818350344896317,
    "p50": 0.028354980051517487,
    "p90": 0.15316269956529138,
    "p95": 0.3423252215608953,
    "p99": 0.5837961436435575,
    "max": 0.6693805269896984,
    "mean": 0.06374147284775972,
    "std": 0.11395501486016768
  },
  "prefill_latency": {
    "min": 0.017050743103027344,
    "p50": 0.0276081133633852,
    "p90": 0.1523315880447626,
    "p95": 0.3413300851359962,
    "p99": 0.5832144307345146,
    "max": 0.6679186150431633,
    "mean": 0.06270300028845668,
    "std": 0.1139791655067398
  },
  "decode_latency": {
    "min": 1.5796513073146343,
    "p50": 5.272103497758508,
    "p90": 8.98584032356739,
    "p95": 9.973126636259256,
    "p99": 11.314298385567959,
    "max": 11.990273740142584,
    "mean": 5.63429463159293,
    "std": 2.3476787069397727
  },
  "inter_token_latency": {
    "min": 0.011749339534469763,
    "p50": 0.018596045217909224,
    "p90": 0.026441052573244153,
    "p95": 0.031189246301886634,
    "p99": 0.04003831000232978,
    "max": 0.04640222474550589,
    "mean": 0.01990447822396423,
    "std": 0.0057047936156479654
  },
  "total_latency": {
    "min": 1.6078085899353027,
    "p50": 5.329041242599487,
    "p90": 9.012929892539978,
    "p95": 10.163694262504574,
    "p99": 11.81214521408081,
    "max": 12.009053230285645,
    "mean": 5.698036104440689,
    "std": 2.3510140559799675
  },
  "total_input_tokens": 514408,
  "total_output_tokens": 58345,
  "total_tokens": 572753,
  "throughput_tokens_per_sec": 1300.6484818023623,
  "throughput_requests_per_sec": 0.4541743061327876,
  "initial_server_metrics": {
    "sglang:num_used_tokens": 0.0,
    "sglang:token_usage": 0.0,
    "sglang:pending_prealloc_token_usage": 0.0,
    "sglang:swa_token_usage": 0.0,
    "sglang:gen_throughput": 0.0,
    "sglang:cache_hit_rate": 0.0,
    "sglang:max_total_num_tokens": 415466.0
  },
  "final_server_metrics": {
    "sglang:num_used_tokens": 3951.0,
    "sglang:token_usage": 0.01,
    "sglang:pending_prealloc_token_usage": 0.0,
    "sglang:swa_token_usage": 0.0,
    "sglang:gen_throughput": 0.0,
    "sglang:cache_hit_rate": 0.0,
    "sglang:max_total_num_tokens": 415466.0
  },
  "peak_kv_cache_tokens": 415466.0,
  "used_kv_cache_tokens": 3951.0
}