{
  "num_requests": 199,
  "total_duration": 755.616049528122,
  "time_to_first_token": {
    "min": 0.018961824476718903,
    "p50": 0.02860274538397789,
    "p90": 0.06765639632940317,
    "p95": 0.24474064595997308,
    "p99": 0.7773008198291075,
    "max": 0.9402580857276917,
    "mean": 0.0633728539187405,
    "std": 0.13607630213870495
  },
  "prefill_latency": {
    "min": 0.018420282751321793,
    "p50": 0.027566585689783096,
    "p90": 0.06713637933135055,
    "p95": 0.24364490620791887,
    "p99": 0.7766284886002552,
    "max": 0.9385453537106514,
    "mean": 0.062053406395804346,
    "std": 0.13613769467898584
  },
  "decode_latency": {
    "min": 1.4939582496881485,
    "p50": 5.279815681278706,
    "p90": 8.854409039765597,
    "p95": 9.647797241806984,
    "p99": 11.329500183612108,
    "max": 13.452277269214392,
    "mean": 5.424873268278549,
    "std": 2.322519978209009
  },
  "inter_token_latency": {
    "min": 0.0068042503170123916,
    "p50": 0.01638296722192184,
    "p90": 0.02620856988031955,
    "p95": 0.03014809764759234,
    "p99": 0.04109743582334476,
    "max": 0.0467958634025326,
    "mean": 0.0184539432845289,
    "std": 0.006093747663280271
  },
  "total_latency": {
    "min": 1.524846076965332,
    "p50": 5.345110893249512,
    "p90": 8.896707582473757,
    "p95": 9.67631962299347,
    "p99": 11.357678847312927,
    "max": 13.479025840759277,
    "mean": 5.48824612219729,
    "std": 2.3471742373145372
  },
  "total_input_tokens": 539187,
  "total_output_tokens": 60559,
  "total_tokens": 599746,
  "throughput_tokens_per_sec": 793.7179211248068,
  "throughput_requests_per_sec": 0.2633612667759961,
  "initial_server_metrics": {
    "sglang:num_used_tokens": 0.0,
    "sglang:token_usage": 0.0,
    "sglang:pending_prealloc_token_usage": 0.0,
    "sglang:swa_token_usage": 0.0,
    "sglang:gen_throughput": 0.0,
    "sglang:cache_hit_rate": 0.0,
    "sglang:max_total_num_tokens": 415466.0
  },
  "final_server_metrics": {
    "sglang:num_used_tokens": 1621.0,
    "sglang:token_usage": 0.0,
    "sglang:pending_prealloc_token_usage": 0.0,
    "sglang:swa_token_usage": 0.0,
    "sglang:gen_throughput": 0.0,
    "sglang:cache_hit_rate": 0.0,
    "sglang:max_total_num_tokens": 415466.0
  },
  "peak_kv_cache_tokens": 415466.0,
  "used_kv_cache_tokens": 1621.0
}