{
  "num_requests": 200,
  "total_duration": 107.90145516395569,
  "time_to_first_token": {
    "min": 0.018632110208272934,
    "p50": 0.09876864776015282,
    "p90": 0.32093372829258443,
    "p95": 0.3964904811233276,
    "p99": 0.5347945091128349,
    "max": 0.6284262724220753,
    "mean": 0.1397511976957321,
    "std": 0.13031224950365786
  },
  "prefill_latency": {
    "min": 0.017901137471199036,
    "p50": 0.09818251058459282,
    "p90": 0.31974996626377106,
    "p95": 0.39582412540912565,
    "p99": 0.5340086682513355,
    "max": 0.6278221718966961,
    "mean": 0.13894310222938658,
    "std": 0.13025335994742515
  },
  "decode_latency": {
    "min": 2.1437892243266106,
    "p50": 12.78127308562398,
    "p90": 20.152449068799612,
    "p95": 22.771688974276184,
    "p99": 26.04962006248534,
    "max": 27.373618759214878,
    "mean": 12.791236322522163,
    "std": 5.745849522454014
  },
  "inter_token_latency": {
    "min": 0.013393792956147664,
    "p50": 0.041987507482369166,
    "p90": 0.06484376299284582,
    "p95": 0.0683878340982077,
    "p99": 0.0896326427382886,
    "max": 0.10370164619297044,
    "mean": 0.04555125120212009,
    "std": 0.015177303456016127
  },
  "total_latency": {
    "min": 2.1763858795166016,
    "p50": 12.976595640182495,
    "p90": 20.36963286399841,
    "p95": 22.87794998884201,
    "p99": 26.086811270713806,
    "max": 27.525150537490845,
    "mean": 12.930987520217895,
    "std": 5.7332192642416935
  },
  "total_input_tokens": 552191,
  "total_output_tokens": 58226,
  "total_tokens": 610417,
  "throughput_tokens_per_sec": 5657.171157446159,
  "throughput_requests_per_sec": 1.8535431213239995,
  "initial_server_metrics": {
    "sglang:num_used_tokens": 0.0,
    "sglang:token_usage": 0.0,
    "sglang:pending_prealloc_token_usage": 0.0,
    "sglang:swa_token_usage": 0.0,
    "sglang:gen_throughput": 0.0,
    "sglang:cache_hit_rate": 0.0,
    "sglang:max_total_num_tokens": 415466.0
  },
  "final_server_metrics": {
    "sglang:num_used_tokens": 4274.0,
    "sglang:token_usage": 0.01,
    "sglang:pending_prealloc_token_usage": 0.0,
    "sglang:swa_token_usage": 0.0,
    "sglang:gen_throughput": 0.0,
    "sglang:cache_hit_rate": 0.0,
    "sglang:max_total_num_tokens": 415466.0
  },
  "peak_kv_cache_tokens": 415466.0,
  "used_kv_cache_tokens": 4274.0
}