{
  "num_requests": 200,
  "total_duration": 221.73655462265015,
  "time_to_first_token": {
    "min": 0.018451783806085587,
    "p50": 0.028238745406270027,
    "p90": 0.03104063458740711,
    "p95": 0.03606724236160511,
    "p99": 0.23108651224523766,
    "max": 6.999438840895891,
    "mean": 0.0701961517892778,
    "std": 0.4925329959832896
  },
  "prefill_latency": {
    "min": 0.01799694448709488,
    "p50": 0.027806119993329048,
    "p90": 0.030377780646085737,
    "p95": 0.03541700895875687,
    "p99": 0.22989014770835622,
    "max": 6.9982817731797695,
    "mean": 0.06969208041206003,
    "std": 0.4924812364715148
  },
  "decode_latency": {
    "min": 1.4242095835506916,
    "p50": 4.59448940679431,
    "p90": 7.115995072200894,
    "p95": 7.4241755152121165,
    "p99": 8.653954346105438,
    "max": 12.368706654757261,
    "mean": 4.622858267966658,
    "std": 1.855443469110937
  },
  "inter_token_latency": {
    "min": 0.006174398877588259,
    "p50": 0.015054881199885092,
    "p90": 0.018324114288609306,
    "p95": 0.020078134850677155,
    "p99": 0.03953938631716562,
    "max": 0.05741463105936172,
    "mean": 0.01575938528290074,
    "std": 0.0047482944091107844
  },
  "total_latency": {
    "min": 1.4522111415863037,
    "p50": 4.622716903686523,
    "p90": 7.1541797637939455,
    "p95": 7.565100836753844,
    "p99": 10.920575423240647,
    "max": 12.599620580673218,
    "mean": 4.693054419755936,
    "std": 1.9447044817240204
  },
  "total_input_tokens": 512194,
  "total_output_tokens": 60312,
  "total_tokens": 572506,
  "throughput_tokens_per_sec": 2581.919796554461,
  "throughput_requests_per_sec": 0.9019712619795989,
  "initial_server_metrics": {
    "sglang:num_used_tokens": 0.0,
    "sglang:token_usage": 0.0,
    "sglang:pending_prealloc_token_usage": 0.0,
    "sglang:swa_token_usage": 0.0,
    "sglang:gen_throughput": 0.0,
    "sglang:cache_hit_rate": 0.0,
    "sglang:max_total_num_tokens": 415466.0
  },
  "final_server_metrics": {
    "sglang:num_used_tokens": 0.0,
    "sglang:token_usage": 0.0,
    "sglang:pending_prealloc_token_usage": 0.0,
    "sglang:swa_token_usage": 0.0,
    "sglang:gen_throughput": 0.0,
    "sglang:cache_hit_rate": 0.0,
    "sglang:max_total_num_tokens": 415466.0
  },
  "peak_kv_cache_tokens": 415466.0,
  "used_kv_cache_tokens": 0.0
}