{
  "num_requests": 200,
  "total_duration": 59.48923110961914,
  "time_to_first_token": {
    "min": 0.02448449656367302,
    "p50": 0.050744520500302315,
    "p90": 0.2660738155245781,
    "p95": 0.3810550726950163,
    "p99": 0.5192887570336461,
    "max": 0.5292396284639835,
    "mean": 0.11583191419020294,
    "std": 0.12186757122798866
  },
  "prefill_latency": {
    "min": 0.022950615733861923,
    "p50": 0.050193967297673225,
    "p90": 0.265329584851861,
    "p95": 0.38033833354711477,
    "p99": 0.5173864737898111,
    "max": 0.5282004773616791,
    "mean": 0.11518773306161165,
    "std": 0.12176042728605975
  },
  "decode_latency": {
    "min": 4.911861840635538,
    "p50": 20.46294984407723,
    "p90": 35.89425974488258,
    "p95": 40.918766874633725,
    "p99": 44.282778340727084,
    "max": 45.661920350044966,
    "mean": 21.80287679648027,
    "std": 10.083448339249067
  },
  "inter_token_latency": {
    "min": 0.020405707360951455,
    "p50": 0.08280143206906626,
    "p90": 0.09987474909019266,
    "p95": 0.10390103251676877,
    "p99": 0.11739038923091737,
    "max": 0.12435713682730659,
    "mean": 0.07597271980331254,
    "std": 0.023101806010946968
  },
  "total_latency": {
    "min": 4.9766905307769775,
    "p50": 20.62945008277893,
    "p90": 36.02345790863037,
    "p95": 41.18146401643753,
    "p99": 44.3104967212677,
    "max": 45.8523588180542,
    "mean": 21.918708710670472,
    "std": 10.089570530568889
  },
  "total_input_tokens": 519670,
  "total_output_tokens": 59305,
  "total_tokens": 578975,
  "throughput_tokens_per_sec": 9732.433739698854,
  "throughput_requests_per_sec": 3.361953016865617,
  "initial_server_metrics": {
    "sglang:num_used_tokens": 0.0,
    "sglang:token_usage": 0.0,
    "sglang:pending_prealloc_token_usage": 0.0,
    "sglang:swa_token_usage": 0.0,
    "sglang:gen_throughput": 0.0,
    "sglang:cache_hit_rate": 0.0,
    "sglang:max_total_num_tokens": 415466.0
  },
  "final_server_metrics": {
    "sglang:num_used_tokens": 0.0,
    "sglang:token_usage": 0.0,
    "sglang:pending_prealloc_token_usage": 0.0,
    "sglang:swa_token_usage": 0.0,
    "sglang:gen_throughput": 0.0,
    "sglang:cache_hit_rate": 0.0,
    "sglang:max_total_num_tokens": 415466.0
  },
  "peak_kv_cache_tokens": 415466.0,
  "used_kv_cache_tokens": 0.0
}