{
  "num_requests": 200,
  "total_duration": 439.50953674316406,
  "time_to_first_token": {
    "min": 0.0,
    "p50": 0.0,
    "p90": 0.0,
    "p95": 0.0,
    "p99": 0.0,
    "max": 0.0,
    "mean": 0.0,
    "std": 0.0
  },
  "prefill_latency": {
    "min": 0.0,
    "p50": 0.0,
    "p90": 0.0,
    "p95": 0.0,
    "p99": 0.0,
    "max": 0.0,
    "mean": 0.0,
    "std": 0.0
  },
  "decode_latency": {
    "min": 1.3366074562072754,
    "p50": 3.670942187309265,
    "p90": 5.825272798538208,
    "p95": 6.030339097976684,
    "p99": 6.461688575744626,
    "max": 6.860234498977661,
    "mean": 3.7971965634822844,
    "std": 1.4675408897723217
  },
  "inter_token_latency": {
    "min": 0.00731501044776939,
    "p50": 0.01303023968660764,
    "p90": 0.014524292937122133,
    "p95": 0.01486118213009051,
    "p99": 0.017565994643649538,
    "max": 0.01844821590008122,
    "mean": 0.01312799614714383,
    "std": 0.0012132182636708185
  },
  "total_latency": {
    "min": 1.3366074562072754,
    "p50": 3.670942187309265,
    "p90": 5.825272798538208,
    "p95": 6.030339097976684,
    "p99": 6.461688575744626,
    "max": 6.860234498977661,
    "mean": 3.7971965634822844,
    "std": 1.4675408897723217
  },
  "total_input_tokens": 514408,
  "total_output_tokens": 58345,
  "total_tokens": 572753,
  "throughput_tokens_per_sec": 1303.163986484096,
  "throughput_requests_per_sec": 0.4550526968812372,
  "initial_server_metrics": {},
  "final_server_metrics": {}
}