{
  "num_requests": 199,
  "total_duration": 1615.2992894649506,
  "time_to_first_token": {
    "min": 0.0,
    "p50": 0.0,
    "p90": 0.0,
    "p95": 0.0,
    "p99": 0.0,
    "max": 0.0,
    "mean": 0.0,
    "std": 0.0
  },
  "prefill_latency": {
    "min": 0.0,
    "p50": 0.0,
    "p90": 0.0,
    "p95": 0.0,
    "p99": 0.0,
    "max": 0.0,
    "mean": 0.0,
    "std": 0.0
  },
  "decode_latency": {
    "min": 1.2795026302337646,
    "p50": 3.7541041374206543,
    "p90": 5.793210649490357,
    "p95": 5.9791779041290285,
    "p99": 6.288827619552614,
    "max": 6.551040410995483,
    "mean": 3.7334390034028635,
    "std": 1.4446361664921217
  },
  "inter_token_latency": {
    "min": 0.005100123369508731,
    "p50": 0.012513403911667177,
    "p90": 0.0134802192685701,
    "p95": 0.01374737160546439,
    "p99": 0.013871801885596583,
    "max": 0.014162317276000976,
    "mean": 0.012495649600570419,
    "std": 0.0009161427741616768
  },
  "total_latency": {
    "min": 1.2795026302337646,
    "p50": 3.7541041374206543,
    "p90": 5.793210649490357,
    "p95": 5.9791779041290285,
    "p99": 6.288827619552614,
    "max": 6.551040410995483,
    "mean": 3.7334390034028635,
    "std": 1.4446361664921217
  },
  "total_input_tokens": 536153,
  "total_output_tokens": 60211,
  "total_tokens": 596364,
  "throughput_tokens_per_sec": 369.19721558073536,
  "throughput_requests_per_sec": 0.12319698355461821,
  "initial_server_metrics": {},
  "final_server_metrics": {}
}