{
  "num_requests": 200,
  "total_duration": 107.28237819671631,
  "time_to_first_token": {
    "min": 0.02394360676407814,
    "p50": 0.029767634347081184,
    "p90": 0.03701809346675872,
    "p95": 0.20266030635684715,
    "p99": 0.25841011017560955,
    "max": 0.265553493052721,
    "mean": 0.04422383235767484,
    "std": 0.049383712575492456
  },
  "prefill_latency": {
    "min": 0.022995218634605408,
    "p50": 0.029240500181913376,
    "p90": 0.03660545572638511,
    "p95": 0.2021905485540627,
    "p99": 0.257943192012608,
    "max": 0.26500504091382027,
    "mean": 0.043705697916448114,
    "std": 0.04937428755083624
  },
  "decode_latency": {
    "min": 1.448267225176096,
    "p50": 6.5348700154572725,
    "p90": 9.815530090406536,
    "p95": 10.970821381919082,
    "p99": 12.593438362628222,
    "max": 13.070480931550264,
    "mean": 6.454505886565894,
    "std": 2.7282454001310796
  },
  "inter_token_latency": {
    "min": 0.010566306749491819,
    "p50": 0.02159199499016782,
    "p90": 0.028429134741403336,
    "p95": 0.029778505684772565,
    "p99": 0.03442215463999838,
    "max": 0.03801941288969456,
    "mean": 0.022505290999212394,
    "std": 0.004457366622575585
  },
  "total_latency": {
    "min": 1.4758074283599854,
    "p50": 6.564080357551575,
    "p90": 9.84585313796997,
    "p95": 11.004774558544154,
    "p99": 12.622419090270995,
    "max": 13.099265575408936,
    "mean": 6.498729718923569,
    "std": 2.721335533982245
  },
  "total_input_tokens": 552191,
  "total_output_tokens": 58226,
  "total_tokens": 610417,
  "throughput_tokens_per_sec": 5689.816074739883,
  "throughput_requests_per_sec": 1.864239061081157,
  "initial_server_metrics": {
    "sglang:num_used_tokens": 0.0,
    "sglang:token_usage": 0.0,
    "sglang:pending_prealloc_token_usage": 0.0,
    "sglang:swa_token_usage": 0.0,
    "sglang:gen_throughput": 0.0,
    "sglang:cache_hit_rate": 0.0,
    "sglang:max_total_num_tokens": 415466.0
  },
  "final_server_metrics": {
    "sglang:num_used_tokens": 0.0,
    "sglang:token_usage": 0.0,
    "sglang:pending_prealloc_token_usage": 0.0,
    "sglang:swa_token_usage": 0.0,
    "sglang:gen_throughput": 0.0,
    "sglang:cache_hit_rate": 0.0,
    "sglang:max_total_num_tokens": 415466.0
  },
  "peak_kv_cache_tokens": 415466.0,
  "used_kv_cache_tokens": 0.0
}