{
  "num_requests": 50,
  "total_duration": 440.54117345809937,
  "throughput_tokens_per_sec": 6014.802156175815,
  "throughput_requests_per_sec": 0.11349676945634138,
  "total_input_tokens": 2642181,
  "total_output_tokens": 7587,
  "time_to_first_token": {
    "min": 0.021480780094861984,
    "p50": 6.451426364481449,
    "p90": 26.40577269978822,
    "p95": 35.22248585633932,
    "p99": 42.16837335251272,
    "max": 43.047432363033295,
    "mean": 11.122619065865875,
    "std": 12.161513602808622
  },
  "prefill_latency": {
    "min": 0.018125377595424652,
    "p50": 1.170607328414917,
    "p90": 1.4241394139826298,
    "p95": 1.4257500099018217,
    "p99": 1.4282516035065056,
    "max": 1.4292491748929024,
    "mean": 0.8476597737520933,
    "std": 0.6075354965608862
  },
  "decode_latency": {
    "min": 1.8867399543523788,
    "p50": 28.590469488874078,
    "p90": 53.51031819730997,
    "p95": 55.369760126247996,
    "p99": 62.537498034723086,
    "max": 67.16110644116998,
    "mean": 25.829781532660128,
    "std": 20.132994609490755
  },
  "inter_token_latency": {
    "min": 0.014533705987729306,
    "p50": 0.20981316473229739,
    "p90": 0.3587911279671615,
    "p95": 0.3866670879165997,
    "p99": 0.4035422710534206,
    "max": 0.4107587843729082,
    "mean": 0.16873615275792747,
    "std": 0.12785420503566405
  },
  "total_latency": {
    "min": 1.913297176361084,
    "p50": 42.104010224342346,
    "p90": 67.06304421424866,
    "p95": 74.47631361484527,
    "p99": 80.85400823831557,
    "max": 82.37510228157043,
    "mean": 36.952400598526,
    "std": 25.995959732937663
  },
  "server_metrics": {
    "kv_cache_usage_tokens": 53763.0,
    "kv_cache_capacity_tokens": 416242.0,
    "kv_cache_usage_pct": 12.916284276935052,
    "prefix_cache_hit_rate": 0.0,
    "num_preemptions": 0
  },
  "raw_initial_metrics": {
    "sglang:num_used_tokens": 0.0,
    "sglang:token_usage": 0.0,
    "sglang:pending_prealloc_token_usage": 0.0,
    "sglang:swa_token_usage": 0.0,
    "sglang:gen_throughput": 0.0,
    "sglang:cache_hit_rate": 0.0,
    "sglang:max_total_num_tokens": 416242.0,
    "sglang:num_retractions_sum": 0.0,
    "sglang:num_retractions_bucket": 1.0,
    "sglang:num_retractions_count": 1.0
  },
  "raw_final_metrics": {
    "sglang:num_used_tokens": 53763.0,
    "sglang:token_usage": 0.12916284276935053,
    "sglang:pending_prealloc_token_usage": 0.0,
    "sglang:swa_token_usage": 0.0,
    "sglang:gen_throughput": 66.1057656099311,
    "sglang:cache_hit_rate": 0.0,
    "sglang:max_total_num_tokens": 416242.0,
    "sglang:num_retractions_sum": 0.0,
    "sglang:num_retractions_bucket": 51.0,
    "sglang:num_retractions_count": 51.0
  }
}